{"cameraMode":{"drawMode":0,"name":"Shaded","section":"Shading Mode"},"sceneLighting":true,"audioPlay":false,"sceneViewState":{"showFog":true,"showMaterialUpdate":false,"showSkybox":true,"showFlares":true,"showImageEffects":true,"showParticleSystems":true},"in2DMode":false,"pivot":{"x":62.01818084716797,"y":34.322906494140628,"z":68.81686401367188},"rotation":{"x":0.08054418861865998,"y":0.7967132329940796,"z":-0.10895522683858872,"w":0.5889732241630554},"size":28.649723052978517,"orthographic":false}