{"cameraMode":{"drawMode":0,"name":"Shaded","section":"Shading Mode"},"sceneLighting":false,"audioPlay":false,"sceneViewState":{"showFog":true,"showMaterialUpdate":false,"showSkybox":true,"showFlares":true,"showImageEffects":true,"showParticleSystems":true},"in2DMode":false,"pivot":{"x":40.17171859741211,"y":13.466850280761719,"z":-72.89497375488281},"rotation":{"x":0.0391206331551075,"y":0.8181338310241699,"z":-0.05606092885136604,"w":0.570949912071228},"size":82.65907287597656,"orthographic":false}